{"version":10,"project":{"id":"d873948d-a444-4e90-ad37-372f9013746a","title":"Meta Scene","description":"","thumbnail":"https://builder-api.decentraland.org/v1/projects/d873948d-a444-4e90-ad37-372f9013746a/media/thumbnail.png","isPublic":false,"sceneId":"05534d7b-9756-4444-a20a-a2110adb9ccf","ethAddress":"0x8D9A6a135FB05e74881a5049b8897b6a1fC9E63f","layout":{"rows":2,"cols":2},"createdAt":"2021-05-05T19:52:11.460Z","updatedAt":"2021-05-05T19:52:19.275Z"},"scene":{"id":"05534d7b-9756-4444-a20a-a2110adb9ccf","entities":{"4fd1c61b-e3cf-4c32-9557-eef163f984eb":{"id":"4fd1c61b-e3cf-4c32-9557-eef163f984eb","components":["14eed77f-9eae-4d34-8bc5-f5b5583229ba","eb09d7fa-b3dd-4bc5-af1f-1fd8536efa76"],"disableGizmos":true,"name":"entity"},"10019bf4-61d5-461e-9a1f-be628342d7be":{"id":"10019bf4-61d5-461e-9a1f-be628342d7be","components":["14eed77f-9eae-4d34-8bc5-f5b5583229ba","6303a774-e1e5-428a-a225-21092a145bb2"],"disableGizmos":true,"name":"entity2"},"a4171d67-5b8f-48c2-aee1-f60e4db64eee":{"id":"a4171d67-5b8f-48c2-aee1-f60e4db64eee","components":["14eed77f-9eae-4d34-8bc5-f5b5583229ba","8a00a88b-8cde-4c3e-972b-ee11f52dffd2"],"disableGizmos":true,"name":"entity3"},"1cac338c-072c-45fd-b193-cd2a78d76655":{"id":"1cac338c-072c-45fd-b193-cd2a78d76655","components":["14eed77f-9eae-4d34-8bc5-f5b5583229ba","472c0116-b1ef-4d4a-b5e4-9ebc7fe40825"],"disableGizmos":true,"name":"entity4"}},"components":{"14eed77f-9eae-4d34-8bc5-f5b5583229ba":{"id":"14eed77f-9eae-4d34-8bc5-f5b5583229ba","type":"GLTFShape","data":{"assetId":"da1fed3c954172146414a66adfa134f7a5e1cb49c902713481bf2fe94180c2cf"}},"eb09d7fa-b3dd-4bc5-af1f-1fd8536efa76":{"id":"eb09d7fa-b3dd-4bc5-af1f-1fd8536efa76","type":"Transform","data":{"position":{"x":8,"y":0,"z":8},"rotation":{"x":0,"y":0,"z":0,"w":1},"scale":{"x":1,"y":1,"z":1}}},"6303a774-e1e5-428a-a225-21092a145bb2":{"id":"6303a774-e1e5-428a-a225-21092a145bb2","type":"Transform","data":{"position":{"x":24,"y":0,"z":8},"rotation":{"x":0,"y":0,"z":0,"w":1},"scale":{"x":1,"y":1,"z":1}}},"8a00a88b-8cde-4c3e-972b-ee11f52dffd2":{"id":"8a00a88b-8cde-4c3e-972b-ee11f52dffd2","type":"Transform","data":{"position":{"x":8,"y":0,"z":24},"rotation":{"x":0,"y":0,"z":0,"w":1},"scale":{"x":1,"y":1,"z":1}}},"472c0116-b1ef-4d4a-b5e4-9ebc7fe40825":{"id":"472c0116-b1ef-4d4a-b5e4-9ebc7fe40825","type":"Transform","data":{"position":{"x":24,"y":0,"z":24},"rotation":{"x":0,"y":0,"z":0,"w":1},"scale":{"x":1,"y":1,"z":1}}}},"assets":{"da1fed3c954172146414a66adfa134f7a5e1cb49c902713481bf2fe94180c2cf":{"id":"da1fed3c954172146414a66adfa134f7a5e1cb49c902713481bf2fe94180c2cf","assetPackId":"e6fa9601-3e47-4dff-9a84-e8e017add15a","name":"Bermuda Grass","model":"FloorBaseGrass_01/FloorBaseGrass_01.glb","script":null,"thumbnail":"https://builder-api.decentraland.org/v1/storage/contents/QmexuPHcbEtQCR11dPXxKZmRjGuY4iTooPJYfST7hW71DE","tags":["genesis","city","town","ground"],"category":"ground","contents":{"FloorBaseGrass_01/FloorBaseGrass_01.glb":"QmSyvWnb5nKCaGHw9oHLSkwywvS5NYpj6vgb8L121kWveS","FloorBaseGrass_01/Floor_Grass01.png.png":"QmT1WfQPMBVhgwyxV5SfcfWivZ6hqMCT74nxdKXwyZBiXb","FloorBaseGrass_01/thumbnail.png":"QmexuPHcbEtQCR11dPXxKZmRjGuY4iTooPJYfST7hW71DE"},"metrics":{"meshes":0,"bodies":0,"materials":0,"textures":0,"triangles":0,"entities":0},"parameters":[],"actions":[]}},"metrics":{"triangles":128,"materials":1,"meshes":1,"bodies":4,"entities":4,"textures":0},"limits":{"triangles":40000,"materials":46,"meshes":464,"bodies":1200,"entities":800,"textures":23},"ground":{"assetId":"da1fed3c954172146414a66adfa134f7a5e1cb49c902713481bf2fe94180c2cf","componentId":"14eed77f-9eae-4d34-8bc5-f5b5583229ba"}}}